Year,water,trees,grass,flooded_vegetation,crops,shrub_and_scrub,built,bare_soil
2016,1374.7960784313725,180667.45882352945,8033.301960784314,87.0,140042.15294117638,1795209.3764705881,1928.364705882353,15519.596078431385
2017,6812.227450980393,207391.88627450986,11989.109803921569,3572.0,211655.58823529416,1684130.1098039215,2141.866666666667,15169.258823529419
2018,5676.321568627452,181969.8392156863,11388.133333333333,1373.8823529411766,229160.39607843134,1696523.988235294,2536.592156862745,14232.894117647069
2019,3212.0627450980396,134969.15686274506,599.0,1428.886274509804,395287.1607843138,1591804.250980392,1878.9843137254902,13682.545098039222
2020,9666.819607843132,130683.41176470587,3.0,2801.0,291698.1058823529,1675608.2352941176,2324.807843137255,30076.666666666675
2021,14049.262745098033,498607.1686274512,846.0,2993.086274509804,302106.3176470587,1308758.3215686274,1834.9372549019608,13666.952941176478
2022,19887.34117647059,234682.11764705894,7170.0,3891.2196078431375,298901.15686274506,1566355.2078431374,2384.505882352941,9590.49803921568
2023,17836.894117647054,321098.6980392158,20194.3568627451,2716.427450980392,377233.96470588224,1389963.3254901962,2008.6392156862744,11809.741176470592
