Year,water,trees,grass,crops,shrub_and_scrub,built,bare_soil,flooded_vegetation
2016,16595.792156862746,164349.2588235294,99714.50588235297,145108.41176470596,2824515.400000006,1211,482816.2627450979,
2017,4586.756862745098,145482.97254901959,94060.38039215688,106877.04313725492,2821082.4901960846,1218,561002.9882352941,
2018,6559.9607843137255,221227.62745098036,153009.60392156866,98953.5411764706,2963849.419607845,1317,289393.4784313726,
2019,3153.301960784314,225394.05098039212,83608.44705882354,239867.49803921566,2887083.6549019665,1513,293690.67843137245,
2020,2833.7019607843135,295770.2980392156,137369.2274509804,136510.831372549,3023649.7411764734,1562,136614.831372549,
2021,7811.125490196078,282372.6509803921,214890.65098039206,45540.82352941176,2931748.250980398,1309,250638.12941176473,
2022,4997.090196078431,339996.30588235287,296749.22745098046,25055.26666666667,2831540.976470595,1693,233861.76470588226,417.0
2023,5504.862745098039,234291.95294117642,235887.65490196075,21867.301960784313,3027788.705882358,1706,207264.15294117638,
